2,FL002,2024-04-14,08:00:00,2974.91,8,7,2024-04-14,10:30:00
3,FL003,2024-04-15,08:01:00,1862.49,1,7,2024-04-15,10:31:00
4,FL004,2024-04-16,08:02:00,1738.22,11,1,2024-04-16,10:32:00
5,FL005,2024-04-17,08:03:00,2311.49,12,9,2024-04-17,10:33:00
6,FL006,2024-04-18,08:04:00,2982.19,5,10,2024-04-18,10:34:00
7,FL007,2024-04-19,08:05:00,1965.79,7,1,2024-04-19,10:35:00
8,FL008,2024-04-20,08:06:00,3047.17,1,1,2024-04-20,10:36:00
9,FL009,2024-04-21,08:07:00,3121.55,3,5,2024-04-21,10:37:00
10,FL010,2024-04-22,08:08:00,2877.92,1,3,2024-04-22,10:38:00
11,FL011,2024-04-23,08:09:00,3042.2,8,1,2024-04-23,10:39:00
12,FL012,2024-04-24,08:10:00,2302.52,2,7,2024-04-24,10:40:00
13,FL013,2024-04-25,08:11:00,2946.21,2,4,2024-04-25,10:41:00
14,FL014,2024-04-26,08:12:00,2625.29,12,4,2024-04-26,10:42:00
15,FL015,2024-04-27,08:13:00,1950.72,3,10,2024-04-27,10:43:00
16,FL016,2024-04-28,08:14:00,1645.51,9,8,2024-04-28,10:44:00
17,FL017,2024-04-29,08:15:00,2869.58,10,7,2024-04-29,10:45:00
18,FL018,2024-04-30,08:16:00,2290.0,12,9,2024-04-30,10:46:00
19,FL019,2024-05-01,08:17:00,1876.83,1,4,2024-05-01,10:47:00
20,FL020,2024-05-02,08:18:00,1533.72,11,9,2024-05-02,10:48:00
21,FL021,2024-05-03,08:19:00,1557.2,5,9,2024-05-03,10:49:00
22,FL022,2024-05-04,08:20:00,2339.0,3,4,2024-05-04,10:50:00
23,FL023,2024-05-05,08:21:00,1995.54,4,11,2024-05-05,10:51:00
24,FL024,2024-05-06,08:22:00,3140.55,12,10,2024-05-06,10:52:00
25,FL025,2024-05-07,08:23:00,3160.41,11,8,2024-05-07,10:53:00
26,FL026,2024-05-08,08:24:00,2678.43,12,10,2024-05-08,10:54:00
27,FL027,2024-05-09,08:25:00,2882.12,9,5,2024-05-09,10:55:00
28,FL028,2024-05-10,08:26:00,2322.55,9,9,2024-05-10,10:56:00
29,FL029,2024-05-11,08:27:00,3347.66,5,10,2024-05-11,10:57:00
30,FL030,2024-05-12,08:28:00,2936.35,2,9,2024-05-12,10:58:00
31,FL031,2024-05-13,08:29:00,1692.37,10,8,2024-05-13,10:59:00
32,FL032,2024-05-14,08:30:00,2414.69,2,1,2024-05-14,11:00:00
33,FL033,2024-05-15,08:31:00,2160.68,7,12,2024-05-15,11:01:00
34,FL034,2024-05-16,08:32:00,2124.31,8,2,2024-05-16,11:02:00
35,FL035,2024-05-17,08:33:00,1711.96,9,12,2024-05-17,11:03:00
36,FL036,2024-05-18,08:34:00,2775.34,10,4,2024-05-18,11:04:00
37,FL037,2024-05-19,08:35:00,3381.71,7,10,2024-05-19,11:05:00
38,FL038,2024-05-20,08:36:00,2899.27,10,3,2024-05-20,11:06:00
39,FL039,2024-05-21,08:37:00,3453.68,2,9,2024-05-21,11:07:00
40,FL040,2024-05-22,08:38:00,3252.59,11,9,2024-05-22,11:08:00
41,FL041,2024-05-23,08:39:00,3175.63,11,6,2024-05-23,11:09:00
42,FL042,2024-05-24,08:40:00,2829.9,1,10,2024-05-24,11:10:00
43,FL043,2024-05-25,08:41:00,2608.46,12,1,2024-05-25,11:11:00
44,FL044,2024-05-26,08:42:00,1524.72,10,2,2024-05-26,11:12:00
45,FL045,2024-05-27,08:43:00,2400.7,9,6,2024-05-27,11:13:00
46,FL046,2024-05-28,08:44:00,3318.73,2,5,2024-05-28,11:14:00
47,FL047,2024-05-29,08:45:00,3113.7,6,9,2024-05-29,11:15:00
48,FL048,2024-05-30,08:46:00,3179.99,10,5,2024-05-30,11:16:00
49,FL049,2024-05-31,08:47:00,2727.52,3,11,2024-05-31,11:17:00
50,FL050,2024-06-01,08:48:00,2660.35,1,2,2024-06-01,11:18:00
51,FL051,2024-06-02,08:49:00,3058.57,8,4,2024-06-02,11:19:00
52,FL052,2024-06-03,08:50:00,2936.0,10,12,2024-06-03,11:20:00
53,FL053,2024-06-04,08:51:00,2899.75,4,2,2024-06-04,11:21:00
54,FL054,2024-06-05,08:52:00,3133.19,11,5,2024-06-05,11:22:00
55,FL055,2024-06-06,08:53:00,2702.49,9,11,2024-06-06,11:23:00
56,FL056,2024-06-07,08:54:00,2670.56,4,6,2024-06-07,11:24:00
57,FL057,2024-06-08,08:55:00,2345.01,8,4,2024-06-08,11:25:00
58,FL058,2024-06-09,08:56:00,1749.09,8,2,2024-06-09,11:26:00
59,FL059,2024-06-10,08:57:00,2251.07,11,12,2024-06-10,11:27:00
60,FL060,2024-06-11,08:58:00,2004.82,7,11,2024-06-11,11:28:00
61,FL061,2024-06-12,08:59:00,2693.97,4,5,2024-06-12,11:29:00
62,FL062,2024-06-13,09:00:00,2265.14,12,4,2024-06-13,11:30:00
63,FL063,2024-06-14,09:01:00,1776.04,5,11,2024-06-14,11:31:00
64,FL064,2024-06-15,09:02:00,2421.15,7,11,2024-06-15,11:32:00
65,FL065,2024-06-16,09:03:00,3162.18,3,8,2024-06-16,11:33:00
66,FL066,2024-06-17,09:04:00,2711.06,7,10,2024-06-17,11:34:00
67,FL067,2024-06-18,09:05:00,1536.43,6,2,2024-06-18,11:35:00
68,FL068,2024-06-19,09:06:00,1802.02,8,1,2024-06-19,11:36:00
69,FL069,2024-06-20,09:07:00,3018.62,5,8,2024-06-20,11:37:00
70,FL070,2024-06-21,09:08:00,3469.4,5,12,2024-06-21,11:38:00
71,FL071,2024-06-22,09:09:00,3194.97,9,1,2024-06-22,11:39:00
72,FL072,2024-06-23,09:10:00,3162.35,12,8,2024-06-23,11:40:00
73,FL073,2024-06-24,09:11:00,2548.15,4,7,2024-06-24,11:41:00
74,FL074,2024-06-25,09:12:00,1506.7,5,4,2024-06-25,11:42:00
75,FL075,2024-06-26,09:13:00,2122.71,1,8,2024-06-26,11:43:00
76,FL076,2024-06-27,09:14:00,1629.2,3,8,2024-06-27,11:44:00
77,FL077,2024-06-28,09:15:00,2791.1,11,6,2024-06-28,11:45:00
78,FL078,2024-06-29,09:16:00,2303.46,9,4,2024-06-29,11:46:00
79,FL079,2024-06-30,09:17:00,2925.04,8,8,2024-06-30,11:47:00
80,FL080,2024-07-01,09:18:00,2936.77,1,1,2024-07-01,11:48:00
81,FL081,2024-07-02,09:19:00,2111.36,9,1,2024-07-02,11:49:00
82,FL082,2024-07-03,09:20:00,1590.69,6,11,2024-07-03,11:50:00
83,FL083,2024-07-04,09:21:00,1733.08,6,1,2024-07-04,11:51:00
84,FL084,2024-07-05,09:22:00,2815.53,2,12,2024-07-05,11:52:00
85,FL085,2024-07-06,09:23:00,2061.71,12,8,2024-07-06,11:53:00
86,FL086,2024-07-07,09:24:00,3118.06,8,5,2024-07-07,11:54:00
87,FL087,2024-07-08,09:25:00,3219.11,4,10,2024-07-08,11:55:00
88,FL088,2024-07-09,09:26:00,1695.75,6,1,2024-07-09,11:56:00
89,FL089,2024-07-10,09:27:00,2893.1,12,4,2024-07-10,11:57:00
90,FL090,2024-07-11,09:28:00,2469.31,2,2,2024-07-11,11:58:00
91,FL091,2024-07-12,09:29:00,1801.55,3,8,2024-07-12,11:59:00
92,FL092,2024-07-13,09:30:00,3140.0,7,3,2024-07-13,12:00:00
93,FL093,2024-07-14,09:31:00,1852.28,5,7,2024-07-14,12:01:00
94,FL094,2024-07-15,09:32:00,2756.54,6,6,2024-07-15,12:02:00
95,FL095,2024-07-16,09:33:00,2800.96,5,11,2024-07-16,12:03:00
96,FL096,2024-07-17,09:34:00,2712.24,1,9,2024-07-17,12:04:00
97,FL097,2024-07-18,09:35:00,3315.41,11,2,2024-07-18,12:05:00
98,FL098,2024-07-19,09:36:00,2647.42,12,1,2024-07-19,12:06:00
99,FL099,2024-07-20,09:37:00,2199.67,12,9,2024-07-20,12:07:00
100,FL100,2024-07-21,09:38:00,2317.54,10,8,2024-07-21,12:08:00
101,FL101,2024-07-22,09:39:00,2753.39,8,2,2024-07-22,12:09:00
102,FL102,2024-07-23,09:40:00,2778.03,9,7,2024-07-23,12:10:00
103,FL103,2024-07-24,09:41:00,2718.2,10,2,2024-07-24,12:11:00
104,FL104,2024-07-25,09:42:00,2507.99,2,11,2024-07-25,12:12:00
105,FL105,2024-07-26,09:43:00,2562.96,5,6,2024-07-26,12:13:00
106,FL106,2024-07-27,09:44:00,1874.11,8,3,2024-07-27,12:14:00
107,FL107,2024-07-28,09:45:00,3396.4,1,4,2024-07-28,12:15:00
108,FL108,2024-07-29,09:46:00,1588.28,7,12,2024-07-29,12:16:00
109,FL109,2024-07-30,09:47:00,2484.83,12,11,2024-07-30,12:17:00
110,FL110,2024-07-31,09:48:00,3025.37,8,11,2024-07-31,12:18:00
111,FL111,2024-08-01,09:49:00,3473.26,12,8,2024-08-01,12:19:00
112,FL112,2024-08-02,09:50:00,2001.84,10,6,2024-08-02,12:20:00
113,FL113,2024-08-03,09:51:00,2972.86,11,7,2024-08-03,12:21:00
114,FL114,2024-08-04,09:52:00,2981.06,3,12,2024-08-04,12:22:00
115,FL115,2024-08-05,09:53:00,2396.1,3,4,2024-08-05,12:23:00
116,FL116,2024-08-06,09:54:00,2152.07,11,9,2024-08-06,12:24:00
117,FL117,2024-08-07,09:55:00,3142.37,12,2,2024-08-07,12:25:00
118,FL118,2024-08-08,09:56:00,3002.53,4,9,2024-08-08,12:26:00
119,FL119,2024-08-09,09:57:00,1937.26,12,8,2024-08-09,12:27:00
120,FL120,2024-08-10,09:58:00,3335.17,6,3,2024-08-10,12:28:00
121,FL121,2024-08-11,09:59:00,2832.61,6,12,2024-08-11,12:29:00
122,FL122,2024-08-12,10:00:00,1580.25,10,3,2024-08-12,12:30:00
123,FL123,2024-08-13,10:01:00,2430.7,5,7,2024-08-13,12:31:00
124,FL124,2024-08-14,10:02:00,2551.87,6,12,2024-08-14,12:32:00
125,FL125,2024-08-15,10:03:00,2399.1,8,8,2024-08-15,12:33:00
126,FL126,2024-08-16,10:04:00,2389.79,11,6,2024-08-16,12:34:00
127,FL127,2024-08-17,10:05:00,1752.32,12,2,2024-08-17,12:35:00
128,FL128,2024-08-18,10:06:00,2572.31,12,3,2024-08-18,12:36:00
129,FL129,2024-08-19,10:07:00,3425.28,9,12,2024-08-19,12:37:00
130,FL130,2024-08-20,10:08:00,1776.57,11,2,2024-08-20,12:38:00
131,FL131,2024-08-21,10:09:00,3070.85,5,9,2024-08-21,12:39:00
132,FL132,2024-08-22,10:10:00,1505.89,5,9,2024-08-22,12:40:00
133,FL133,2024-08-23,10:11:00,2596.3,11,11,2024-08-23,12:41:00
134,FL134,2024-08-24,10:12:00,3261.16,3,4,2024-08-24,12:42:00
135,FL135,2024-08-25,10:13:00,2838.15,5,8,2024-08-25,12:43:00
136,FL136,2024-08-26,10:14:00,2635.26,12,12,2024-08-26,12:44:00
137,FL137,2024-08-27,10:15:00,2349.33,8,1,2024-08-27,12:45:00
138,FL138,2024-08-28,10:16:00,1832.13,11,2,2024-08-28,12:46:00
139,FL139,2024-08-29,10:17:00,2610.71,4,6,2024-08-29,12:47:00
140,FL140,2024-08-30,10:18:00,1989.02,3,12,2024-08-30,12:48:00
141,FL141,2024-08-31,10:19:00,3034.0,8,9,2024-08-31,12:49:00
142,FL142,2024-09-01,10:20:00,1728.97,7,5,2024-09-01,12:50:00
143,FL143,2024-09-02,10:21:00,3020.95,10,4,2024-09-02,12:51:00
144,FL144,2024-09-03,10:22:00,2942.24,11,9,2024-09-03,12:52:00
145,FL145,2024-09-04,10:23:00,1860.4,10,7,2024-09-04,12:53:00
146,FL146,2024-09-05,10:24:00,2801.3,12,7,2024-09-05,12:54:00
147,FL147,2024-09-06,10:25:00,2163.96,10,3,2024-09-06,12:55:00
148,FL148,2024-09-07,10:26:00,2029.42,5,7,2024-09-07,12:56:00
149,FL149,2024-09-08,10:27:00,1976.89,2,7,2024-09-08,12:57:00
150,FL150,2024-09-09,10:28:00,3027.72,7,3,2024-09-09,12:58:00
151,FL151,2024-09-10,10:29:00,1613.36,11,3,2024-09-10,12:59:00
152,FL152,2024-09-11,10:30:00,1997.69,8,11,2024-09-11,13:00:00
153,FL153,2024-09-12,10:31:00,2377.14,7,12,2024-09-12,13:01:00
154,FL154,2024-09-13,10:32:00,3246.31,12,10,2024-09-13,13:02:00
155,FL155,2024-09-14,10:33:00,2588.4,5,1,2024-09-14,13:03:00
156,FL156,2024-09-15,10:34:00,3232.48,7,3,2024-09-15,13:04:00
157,FL157,2024-09-16,10:35:00,2142.05,7,7,2024-09-16,13:05:00
158,FL158,2024-09-17,10:36:00,2232.24,10,8,2024-09-17,13:06:00
159,FL159,2024-09-18,10:37:00,2160.01,4,9,2024-09-18,13:07:00
160,FL160,2024-09-19,10:38:00,1689.26,4,10,2024-09-19,13:08:00
161,FL161,2024-09-20,10:39:00,2346.88,7,7,2024-09-20,13:09:00
162,FL162,2024-09-21,10:40:00,3187.17,3,4,2024-09-21,13:10:00
163,FL163,2024-09-22,10:41:00,2882.84,1,5,2024-09-22,13:11:00
164,FL164,2024-09-23,10:42:00,2960.29,8,1,2024-09-23,13:12:00
165,FL165,2024-09-24,10:43:00,2140.07,5,5,2024-09-24,13:13:00
166,FL166,2024-09-25,10:44:00,2049.72,3,12,2024-09-25,13:14:00
167,FL167,2024-09-26,10:45:00,1616.83,9,7,2024-09-26,13:15:00
168,FL168,2024-09-27,10:46:00,3279.43,11,11,2024-09-27,13:16:00
169,FL169,2024-09-28,10:47:00,1994.0,2,1,2024-09-28,13:17:00
170,FL170,2024-09-29,10:48:00,2802.58,5,11,2024-09-29,13:18:00
171,FL171,2024-09-30,10:49:00,1558.48,12,2,2024-09-30,13:19:00
172,FL172,2024-10-01,10:50:00,3120.7,1,10,2024-10-01,13:20:00
173,FL173,2024-10-02,10:51:00,1517.47,7,9,2024-10-02,13:21:00
174,FL174,2024-10-03,10:52:00,2496.41,5,3,2024-10-03,13:22:00
175,FL175,2024-10-04,10:53:00,2961.92,10,4,2024-10-04,13:23:00
176,FL176,2024-10-05,10:54:00,2189.68,10,11,2024-10-05,13:24:00
177,FL177,2024-10-06,10:55:00,2965.29,3,10,2024-10-06,13:25:00
178,FL178,2024-10-07,10:56:00,2913.71,7,10,2024-10-07,13:26:00
179,FL179,2024-10-08,10:57:00,3387.35,4,12,2024-10-08,13:27:00
180,FL180,2024-10-09,10:58:00,3202.29,9,3,2024-10-09,13:28:00
181,FL181,2024-10-10,10:59:00,1558.66,1,3,2024-10-10,13:29:00
182,FL182,2024-10-11,11:00:00,2789.53,3,9,2024-10-11,13:30:00
183,FL183,2024-10-12,11:01:00,2564.62,5,6,2024-10-12,13:31:00
184,FL184,2024-10-13,11:02:00,3215.36,5,5,2024-10-13,13:32:00
185,FL185,2024-10-14,11:03:00,2762.03,3,1,2024-10-14,13:33:00
186,FL186,2024-10-15,11:04:00,2768.45,5,5,2024-10-15,13:34:00
187,FL187,2024-10-16,11:05:00,2562.5,4,10,2024-10-16,13:35:00
188,FL188,2024-10-17,11:06:00,1876.4,9,11,2024-10-17,13:36:00
189,FL189,2024-10-18,11:07:00,2368.33,5,6,2024-10-18,13:37:00
190,FL190,2024-10-19,11:08:00,2348.71,8,2,2024-10-19,13:38:00
191,FL191,2024-10-20,11:09:00,1849.92,12,1,2024-10-20,13:39:00
192,FL192,2024-10-21,11:10:00,1667.26,9,12,2024-10-21,13:40:00
193,FL193,2024-10-22,11:11:00,3027.36,7,8,2024-10-22,13:41:00
194,FL194,2024-10-23,11:12:00,1767.33,11,8,2024-10-23,13:42:00
195,FL195,2024-10-24,11:13:00,3355.76,9,7,2024-10-24,13:43:00
196,FL196,2024-10-25,11:14:00,2157.97,7,4,2024-10-25,13:44:00
197,FL197,2024-10-26,11:15:00,2502.47,1,8,2024-10-26,13:45:00
198,FL198,2024-10-27,11:16:00,3075.83,2,11,2024-10-27,13:46:00
199,FL199,2024-10-28,11:17:00,3401.7,6,4,2024-10-28,13:47:00
200,FL200,2024-10-29,11:18:00,3154.48,5,12,2024-10-29,13:48:00
201,FL201,2024-10-30,11:19:00,2631.23,10,10,2024-10-30,13:49:00
202,FL202,2024-10-31,11:20:00,1657.14,10,2,2024-10-31,13:50:00
203,FL203,2024-11-01,11:21:00,1576.6,6,9,2024-11-01,13:51:00
204,FL204,2024-11-02,11:22:00,1710.82,5,7,2024-11-02,13:52:00
205,FL205,2024-11-03,11:23:00,2782.61,11,2,2024-11-03,13:53:00
206,FL206,2024-11-04,11:24:00,2179.06,11,6,2024-11-04,13:54:00
207,FL207,2024-11-05,11:25:00,1771.83,4,5,2024-11-05,13:55:00
208,FL208,2024-11-06,11:26:00,2133.2,10,2,2024-11-06,13:56:00
209,FL209,2024-11-07,11:27:00,2019.67,1,11,2024-11-07,13:57:00
210,FL210,2024-11-08,11:28:00,3212.6,9,6,2024-11-08,13:58:00
211,FL211,2024-11-09,11:29:00,2483.02,7,9,2024-11-09,13:59:00
212,FL212,2024-11-10,11:30:00,1501.58,10,6,2024-11-10,14:00:00
213,FL213,2024-11-11,11:31:00,2113.03,2,7,2024-11-11,14:01:00
214,FL214,2024-11-12,11:32:00,3062.21,3,2,2024-11-12,14:02:00
215,FL215,2024-11-13,11:33:00,2685.98,3,12,2024-11-13,14:03:00
216,FL216,2024-11-14,11:34:00,2357.55,6,4,2024-11-14,14:04:00
217,FL217,2024-11-15,11:35:00,2391.83,9,5,2024-11-15,14:05:00
218,FL218,2024-11-16,11:36:00,3056.73,7,1,2024-11-16,14:06:00
219,FL219,2024-11-17,11:37:00,3183.66,5,12,2024-11-17,14:07:00
220,FL220,2024-11-18,11:38:00,3124.94,6,6,2024-11-18,14:08:00
221,FL221,2024-11-19,11:39:00,2977.66,11,4,2024-11-19,14:09:00
222,FL222,2024-11-20,11:40:00,1663.09,10,8,2024-11-20,14:10:00
223,FL223,2024-11-21,11:41:00,1752.06,2,12,2024-11-21,14:11:00
224,FL224,2024-11-22,11:42:00,3418.34,2,5,2024-11-22,14:12:00
225,FL225,2024-11-23,11:43:00,1743.3,7,4,2024-11-23,14:13:00
226,FL226,2024-11-24,11:44:00,2634.95,1,8,2024-11-24,14:14:00
227,FL227,2024-11-25,11:45:00,1525.42,10,3,2024-11-25,14:15:00
228,FL228,2024-11-26,11:46:00,2217.73,4,9,2024-11-26,14:16:00
229,FL229,2024-11-27,11:47:00,1676.58,12,9,2024-11-27,14:17:00
230,FL230,2024-11-28,11:48:00,2444.8,8,8,2024-11-28,14:18:00
231,FL231,2024-11-29,11:49:00,2872.96,4,12,2024-11-29,14:19:00
232,FL232,2024-11-30,11:50:00,2716.56,3,10,2024-11-30,14:20:00
233,FL233,2024-12-01,11:51:00,3370.3,5,1,2024-12-01,14:21:00
234,FL234,2024-12-02,11:52:00,1759.78,1,12,2024-12-02,14:22:00
235,FL235,2024-12-03,11:53:00,1743.64,3,2,2024-12-03,14:23:00
236,FL236,2024-12-04,11:54:00,3364.53,7,1,2024-12-04,14:24:00
237,FL237,2024-12-05,11:55:00,2476.79,3,12,2024-12-05,14:25:00
238,FL238,2024-12-06,11:56:00,3052.15,7,5,2024-12-06,14:26:00
239,FL239,2024-12-07,11:57:00,2357.4,8,2,2024-12-07,14:27:00
240,FL240,2024-12-08,11:58:00,2576.13,11,5,2024-12-08,14:28:00
241,FL241,2024-12-09,11:59:00,2998.48,1,8,2024-12-09,14:29:00
242,FL242,2024-12-10,12:00:00,2232.43,7,3,2024-12-10,14:30:00
243,FL243,2024-12-11,12:01:00,2164.3,12,3,2024-12-11,14:31:00
244,FL244,2024-12-12,12:02:00,3152.09,5,11,2024-12-12,14:32:00
245,FL245,2024-12-13,12:03:00,3087.86,11,7,2024-12-13,14:33:00
246,FL246,2024-12-14,12:04:00,2502.47,3,10,2024-12-14,14:34:00
247,FL247,2024-12-15,12:05:00,2660.5,3,2,2024-12-15,14:35:00
248,FL248,2024-12-16,12:06:00,3363.67,3,1,2024-12-16,14:36:00
249,FL249,2024-12-17,12:07:00,1733.16,7,9,2024-12-17,14:37:00
250,FL250,2024-12-18,12:08:00,2237.46,2,1,2024-12-18,14:38:00
251,FL251,2024-12-19,12:09:00,3313.42,8,11,2024-12-19,14:39:00
252,FL252,2024-12-20,12:10:00,1897.15,11,11,2024-12-20,14:40:00
253,FL253,2024-12-21,12:11:00,1532.84,2,11,2024-12-21,14:41:00
254,FL254,2024-12-22,12:12:00,3025.59,7,4,2024-12-22,14:42:00
255,FL255,2024-12-23,12:13:00,2211.46,10,2,2024-12-23,14:43:00
256,FL256,2024-12-24,12:14:00,3138.08,4,9,2024-12-24,14:44:00
257,FL257,2024-12-25,12:15:00,2063.89,8,11,2024-12-25,14:45:00
258,FL258,2024-12-26,12:16:00,3272.08,2,4,2024-12-26,14:46:00
259,FL259,2024-12-27,12:17:00,2290.68,5,10,2024-12-27,14:47:00
260,FL260,2024-12-28,12:18:00,1664.82,7,5,2024-12-28,14:48:00
261,FL261,2024-12-29,12:19:00,3403.92,6,4,2024-12-29,14:49:00
262,FL262,2024-12-30,12:20:00,2038.33,1,12,2024-12-30,14:50:00
263,FL263,2024-12-31,12:21:00,2467.62,9,3,2024-12-31,14:51:00
264,FL264,2025-01-01,12:22:00,3202.42,12,8,2025-01-01,14:52:00
265,FL265,2025-01-02,12:23:00,1619.73,9,3,2025-01-02,14:53:00
266,FL266,2025-01-03,12:24:00,2098.53,2,1,2025-01-03,14:54:00
267,FL267,2025-01-04,12:25:00,3418.22,4,1,2025-01-04,14:55:00
268,FL268,2025-01-05,12:26:00,1839.57,10,7,2025-01-05,14:56:00
269,FL269,2025-01-06,12:27:00,2137.83,3,8,2025-01-06,14:57:00
270,FL270,2025-01-07,12:28:00,3281.0,7,4,2025-01-07,14:58:00
271,FL271,2025-01-08,12:29:00,2625.71,8,9,2025-01-08,14:59:00
272,FL272,2025-01-09,12:30:00,2136.55,4,3,2025-01-09,15:00:00
273,FL273,2025-01-10,12:31:00,3075.28,12,4,2025-01-10,15:01:00
274,FL274,2025-01-11,12:32:00,3277.09,9,7,2025-01-11,15:02:00
275,FL275,2025-01-12,12:33:00,2040.11,4,9,2025-01-12,15:03:00
276,FL276,2025-01-13,12:34:00,1610.72,5,6,2025-01-13,15:04:00
277,FL277,2025-01-14,12:35:00,2014.25,4,2,2025-01-14,15:05:00
278,FL278,2025-01-15,12:36:00,2435.15,4,2,2025-01-15,15:06:00
279,FL279,2025-01-16,12:37:00,2561.03,6,11,2025-01-16,15:07:00
280,FL280,2025-01-17,12:38:00,2422.44,6,6,2025-01-17,15:08:00
281,FL281,2025-01-18,12:39:00,2833.95,6,8,2025-01-18,15:09:00
282,FL282,2025-01-19,12:40:00,3438.44,10,3,2025-01-19,15:10:00
283,FL283,2025-01-20,12:41:00,2094.72,4,7,2025-01-20,15:11:00
284,FL284,2025-01-21,12:42:00,3013.65,1,6,2025-01-21,15:12:00
285,FL285,2025-01-22,12:43:00,1509.51,2,2,2025-01-22,15:13:00
286,FL286,2025-01-23,12:44:00,2407.71,6,9,2025-01-23,15:14:00
287,FL287,2025-01-24,12:45:00,2031.28,2,5,2025-01-24,15:15:00
288,FL288,2025-01-25,12:46:00,2272.03,6,2,2025-01-25,15:16:00
289,FL289,2025-01-26,12:47:00,2246.84,2,3,2025-01-26,15:17:00
290,FL290,2025-01-27,12:48:00,3481.7,8,8,2025-01-27,15:18:00
291,FL291,2025-01-28,12:49:00,1580.82,7,3,2025-01-28,15:19:00
292,FL292,2025-01-29,12:50:00,1780.1,4,2,2025-01-29,15:20:00
293,FL293,2025-01-30,12:51:00,3365.62,8,6,2025-01-30,15:21:00
294,FL294,2025-01-31,12:52:00,3418.4,1,12,2025-01-31,15:22:00
295,FL295,2025-02-01,12:53:00,3162.75,12,12,2025-02-01,15:23:00
296,FL296,2025-02-02,12:54:00,2837.62,7,11,2025-02-02,15:24:00
297,FL297,2025-02-03,12:55:00,3210.94,2,3,2025-02-03,15:25:00
298,FL298,2025-02-04,12:56:00,2521.82,9,7,2025-02-04,15:26:00
299,FL299,2025-02-05,12:57:00,2785.99,12,5,2025-02-05,15:27:00
300,FL300,2025-02-06,12:58:00,2865.41,7,2,2025-02-06,15:28:00
301,FL301,2025-02-07,12:59:00,2664.02,8,7,2025-02-07,15:29:00
302,FL302,2025-02-08,13:00:00,3374.94,9,3,2025-02-08,15:30:00
303,FL303,2025-02-09,13:01:00,2238.4,2,7,2025-02-09,15:31:00
304,FL304,2025-02-10,13:02:00,2601.91,9,7,2025-02-10,15:32:00
305,FL305,2025-02-11,13:03:00,2743.89,6,3,2025-02-11,15:33:00
306,FL306,2025-02-12,13:04:00,2223.57,12,3,2025-02-12,15:34:00
307,FL307,2025-02-13,13:05:00,2676.99,11,8,2025-02-13,15:35:00
308,FL308,2025-02-14,13:06:00,3336.51,11,2,2025-02-14,15:36:00
309,FL309,2025-02-15,13:07:00,2013.28,11,6,2025-02-15,15:37:00
310,FL310,2025-02-16,13:08:00,3096.78,2,7,2025-02-16,15:38:00
311,FL311,2025-02-17,13:09:00,2274.73,12,2,2025-02-17,15:39:00
312,FL312,2025-02-18,13:10:00,2842.69,9,5,2025-02-18,15:40:00
313,FL313,2025-02-19,13:11:00,2122.18,9,6,2025-02-19,15:41:00
314,FL314,2025-02-20,13:12:00,2339.14,3,6,2025-02-20,15:42:00
315,FL315,2025-02-21,13:13:00,3203.0,3,9,2025-02-21,15:43:00
316,FL316,2025-02-22,13:14:00,1627.16,4,5,2025-02-22,15:44:00
317,FL317,2025-02-23,13:15:00,3249.09,6,2,2025-02-23,15:45:00
318,FL318,2025-02-24,13:16:00,1551.05,4,4,2025-02-24,15:46:00
319,FL319,2025-02-25,13:17:00,2801.52,10,10,2025-02-25,15:47:00
320,FL320,2025-02-26,13:18:00,2152.35,8,7,2025-02-26,15:48:00
321,FL321,2025-02-27,13:19:00,3052.33,4,1,2025-02-27,15:49:00
322,FL322,2025-02-28,13:20:00,1987.75,2,11,2025-02-28,15:50:00
323,FL323,2025-03-01,13:21:00,1538.11,7,1,2025-03-01,15:51:00
324,FL324,2025-03-02,13:22:00,2956.42,3,2,2025-03-02,15:52:00
325,FL325,2025-03-03,13:23:00,2557.87,3,3,2025-03-03,15:53:00
326,FL326,2025-03-04,13:24:00,2598.73,12,10,2025-03-04,15:54:00
327,FL327,2025-03-05,13:25:00,2707.96,8,10,2025-03-05,15:55:00
328,FL328,2025-03-06,13:26:00,1963.71,9,6,2025-03-06,15:56:00
329,FL329,2025-03-07,13:27:00,2226.43,12,3,2025-03-07,15:57:00
330,FL330,2025-03-08,13:28:00,1507.46,5,1,2025-03-08,15:58:00
331,FL331,2025-03-09,13:29:00,2599.69,2,12,2025-03-09,15:59:00
332,FL332,2025-03-10,13:30:00,2669.0,2,3,2025-03-10,16:00:00
333,FL333,2025-03-11,13:31:00,1767.08,2,8,2025-03-11,16:01:00
334,FL334,2025-03-12,13:32:00,2633.88,8,6,2025-03-12,16:02:00
335,FL335,2025-03-13,13:33:00,2021.47,12,10,2025-03-13,16:03:00
336,FL336,2025-03-14,13:34:00,2043.65,10,6,2025-03-14,16:04:00
337,FL337,2025-03-15,13:35:00,2668.68,2,5,2025-03-15,16:05:00
338,FL338,2025-03-16,13:36:00,1956.72,5,3,2025-03-16,16:06:00
339,FL339,2025-03-17,13:37:00,3192.81,1,12,2025-03-17,16:07:00
340,FL340,2025-03-18,13:38:00,1743.24,8,8,2025-03-18,16:08:00
341,FL341,2025-03-19,13:39:00,1924.87,12,2,2025-03-19,16:09:00
342,FL342,2025-03-20,13:40:00,2881.74,12,5,2025-03-20,16:10:00
343,FL343,2025-03-21,13:41:00,2710.92,4,5,2025-03-21,16:11:00
344,FL344,2025-03-22,13:42:00,2520.5,11,11,2025-03-22,16:12:00
345,FL345,2025-03-23,13:43:00,3222.29,8,6,2025-03-23,16:13:00
346,FL346,2025-03-24,13:44:00,3340.43,8,11,2025-03-24,16:14:00
347,FL347,2025-03-25,13:45:00,2274.41,4,4,2025-03-25,16:15:00
348,FL348,2025-03-26,13:46:00,2215.85,7,1,2025-03-26,16:16:00
349,FL349,2025-03-27,13:47:00,3135.9,7,5,2025-03-27,16:17:00
350,FL350,2025-03-28,13:48:00,1862.93,11,7,2025-03-28,16:18:00
351,FL351,2025-03-29,13:49:00,1653.59,3,8,2025-03-29,16:19:00
352,FL352,2025-03-30,13:50:00,3351.45,10,9,2025-03-30,16:20:00
353,FL353,2025-03-31,13:51:00,2672.63,5,7,2025-03-31,16:21:00
354,FL354,2025-04-01,13:52:00,2460.74,10,4,2025-04-01,16:22:00
355,FL355,2025-04-02,13:53:00,1558.08,11,12,2025-04-02,16:23:00
356,FL356,2025-04-03,13:54:00,1665.42,11,2,2025-04-03,16:24:00
357,FL357,2025-04-04,13:55:00,1956.22,1,9,2025-04-04,16:25:00
358,FL358,2025-04-05,13:56:00,2562.68,7,4,2025-04-05,16:26:00
359,FL359,2025-04-06,13:57:00,3365.79,2,6,2025-04-06,16:27:00
360,FL360,2025-04-07,13:58:00,2066.44,9,9,2025-04-07,16:28:00
361,FL361,2025-04-08,13:59:00,3210.25,2,1,2025-04-08,16:29:00
362,FL362,2025-04-09,14:00:00,1871.53,4,11,2025-04-09,16:30:00
363,FL363,2025-04-10,14:01:00,1662.99,1,3,2025-04-10,16:31:00
364,FL364,2025-04-11,14:02:00,2902.11,9,7,2025-04-11,16:32:00
365,FL365,2025-04-12,14:03:00,1914.07,12,4,2025-04-12,16:33:00
366,FL366,2025-04-13,14:04:00,1838.0,8,5,2025-04-13,16:34:00
367,FL367,2025-04-14,14:05:00,3459.22,5,3,2025-04-14,16:35:00
368,FL368,2025-04-15,14:06:00,2003.7,3,2,2025-04-15,16:36:00
369,FL369,2025-04-16,14:07:00,3341.91,5,12,2025-04-16,16:37:00
370,FL370,2025-04-17,14:08:00,3124.77,8,6,2025-04-17,16:38:00
371,FL371,2025-04-18,14:09:00,3195.05,11,11,2025-04-18,16:39:00
372,FL372,2025-04-19,14:10:00,2758.03,12,11,2025-04-19,16:40:00
373,FL373,2025-04-20,14:11:00,2830.69,10,12,2025-04-20,16:41:00
374,FL374,2025-04-21,14:12:00,3403.01,12,3,2025-04-21,16:42:00
375,FL375,2025-04-22,14:13:00,1974.78,10,6,2025-04-22,16:43:00
376,FL376,2025-04-23,14:14:00,1694.6,1,9,2025-04-23,16:44:00
377,FL377,2025-04-24,14:15:00,2208.17,7,1,2025-04-24,16:45:00
378,FL378,2025-04-25,14:16:00,3265.59,4,6,2025-04-25,16:46:00
379,FL379,2025-04-26,14:17:00,3070.68,10,9,2025-04-26,16:47:00
380,FL380,2025-04-27,14:18:00,2542.77,8,2,2025-04-27,16:48:00
381,FL381,2025-04-28,14:19:00,2886.24,4,4,2025-04-28,16:49:00
382,FL382,2025-04-29,14:20:00,1977.71,9,9,2025-04-29,16:50:00
383,FL383,2025-04-30,14:21:00,3435.66,5,6,2025-04-30,16:51:00
384,FL384,2025-05-01,14:22:00,2201.33,2,11,2025-05-01,16:52:00
385,FL385,2025-05-02,14:23:00,1700.98,2,7,2025-05-02,16:53:00
386,FL386,2025-05-03,14:24:00,3359.67,3,11,2025-05-03,16:54:00
387,FL387,2025-05-04,14:25:00,3377.03,6,2,2025-05-04,16:55:00
388,FL388,2025-05-05,14:26:00,2603.68,12,4,2025-05-05,16:56:00
389,FL389,2025-05-06,14:27:00,2484.45,8,5,2025-05-06,16:57:00
390,FL390,2025-05-07,14:28:00,3467.45,5,5,2025-05-07,16:58:00
391,FL391,2025-05-08,14:29:00,1588.72,2,8,2025-05-08,16:59:00
392,FL392,2025-05-09,14:30:00,1639.41,9,10,2025-05-09,17:00:00
393,FL393,2025-05-10,14:31:00,1736.24,4,1,2025-05-10,17:01:00
394,FL394,2025-05-11,14:32:00,3443.98,10,6,2025-05-11,17:02:00
395,FL395,2025-05-12,14:33:00,2930.19,11,12,2025-05-12,17:03:00
396,FL396,2025-05-13,14:34:00,1838.33,11,11,2025-05-13,17:04:00
397,FL397,2025-05-14,14:35:00,1709.56,1,9,2025-05-14,17:05:00
398,FL398,2025-05-15,14:36:00,1578.58,4,12,2025-05-15,17:06:00
399,FL399,2025-05-16,14:37:00,2696.7,6,7,2025-05-16,17:07:00
400,FL400,2025-05-17,14:38:00,2068.53,4,2,2025-05-17,17:08:00
401,FL401,2025-05-18,14:39:00,2534.47,4,4,2025-05-18,17:09:00
402,FL402,2025-05-19,14:40:00,2812.59,4,8,2025-05-19,17:10:00
403,FL403,2025-05-20,14:41:00,2915.94,4,2,2025-05-20,17:11:00
404,FL404,2025-05-21,14:42:00,1722.14,4,1,2025-05-21,17:12:00
405,FL405,2025-05-22,14:43:00,3368.72,11,10,2025-05-22,17:13:00
406,FL406,2025-05-23,14:44:00,1840.52,11,2,2025-05-23,17:14:00
407,FL407,2025-05-24,14:45:00,2486.61,10,7,2025-05-24,17:15:00
408,FL408,2025-05-25,14:46:00,3051.62,4,9,2025-05-25,17:16:00
409,FL409,2025-05-26,14:47:00,1971.46,12,9,2025-05-26,17:17:00
410,FL410,2025-05-27,14:48:00,2731.05,11,3,2025-05-27,17:18:00
411,FL411,2025-05-28,14:49:00,1935.29,8,1,2025-05-28,17:19:00
412,FL412,2025-05-29,14:50:00,1809.47,3,11,2025-05-29,17:20:00
413,FL413,2025-05-30,14:51:00,1502.39,4,3,2025-05-30,17:21:00
414,FL414,2025-05-31,14:52:00,2162.11,8,10,2025-05-31,17:22:00
415,FL415,2025-06-01,14:53:00,2228.74,1,8,2025-06-01,17:23:00
416,FL416,2025-06-02,14:54:00,2896.41,3,3,2025-06-02,17:24:00
417,FL417,2025-06-03,14:55:00,2683.26,2,5,2025-06-03,17:25:00
418,FL418,2025-06-04,14:56:00,3073.89,3,2,2025-06-04,17:26:00
419,FL419,2025-06-05,14:57:00,1506.26,10,11,2025-06-05,17:27:00
420,FL420,2025-06-06,14:58:00,2570.53,4,2,2025-06-06,17:28:00
421,FL421,2025-06-07,14:59:00,3128.31,5,11,2025-06-07,17:29:00
422,FL422,2025-06-08,15:00:00,2316.96,8,4,2025-06-08,17:30:00
423,FL423,2025-06-09,15:01:00,2045.78,1,4,2025-06-09,17:31:00
424,FL424,2025-06-10,15:02:00,1637.79,3,2,2025-06-10,17:32:00
425,FL425,2025-06-11,15:03:00,2478.99,12,5,2025-06-11,17:33:00
426,FL426,2025-06-12,15:04:00,3202.38,4,5,2025-06-12,17:34:00
427,FL427,2025-06-13,15:05:00,1800.54,6,6,2025-06-13,17:35:00
428,FL428,2025-06-14,15:06:00,2446.58,10,1,2025-06-14,17:36:00
429,FL429,2025-06-15,15:07:00,2713.62,4,6,2025-06-15,17:37:00
430,FL430,2025-06-16,15:08:00,1902.99,7,6,2025-06-16,17:38:00
431,FL431,2025-06-17,15:09:00,2461.81,1,12,2025-06-17,17:39:00
432,FL432,2025-06-18,15:10:00,3171.99,6,11,2025-06-18,17:40:00
433,FL433,2025-06-19,15:11:00,3295.63,10,12,2025-06-19,17:41:00
434,FL434,2025-06-20,15:12:00,3222.81,8,1,2025-06-20,17:42:00
435,FL435,2025-06-21,15:13:00,3458.33,4,7,2025-06-21,17:43:00
436,FL436,2025-06-22,15:14:00,2219.84,5,8,2025-06-22,17:44:00
437,FL437,2025-06-23,15:15:00,3393.5,1,5,2025-06-23,17:45:00
438,FL438,2025-06-24,15:16:00,2810.75,6,11,2025-06-24,17:46:00
439,FL439,2025-06-25,15:17:00,2625.34,2,8,2025-06-25,17:47:00
440,FL440,2025-06-26,15:18:00,2702.29,12,8,2025-06-26,17:48:00
441,FL441,2025-06-27,15:19:00,1916.67,9,11,2025-06-27,17:49:00
442,FL442,2025-06-28,15:20:00,3200.03,7,9,2025-06-28,17:50:00
443,FL443,2025-06-29,15:21:00,2247.76,7,10,2025-06-29,17:51:00
444,FL444,2025-06-30,15:22:00,1715.75,10,5,2025-06-30,17:52:00
445,FL445,2025-07-01,15:23:00,1516.0,1,8,2025-07-01,17:53:00
446,FL446,2025-07-02,15:24:00,2522.34,7,6,2025-07-02,17:54:00
447,FL447,2025-07-03,15:25:00,1840.7,1,4,2025-07-03,17:55:00
448,FL448,2025-07-04,15:26:00,2547.17,1,6,2025-07-04,17:56:00
449,FL449,2025-07-05,15:27:00,2895.86,9,2,2025-07-05,17:57:00
450,FL450,2025-07-06,15:28:00,2151.43,1,5,2025-07-06,17:58:00
451,FL451,2025-07-07,15:29:00,3321.02,7,8,2025-07-07,17:59:00
452,FL452,2025-07-08,15:30:00,3024.75,8,5,2025-07-08,18:00:00
453,FL453,2025-07-09,15:31:00,1711.41,12,9,2025-07-09,18:01:00
454,FL454,2025-07-10,15:32:00,3202.53,1,2,2025-07-10,18:02:00
455,FL455,2025-07-11,15:33:00,1556.25,5,8,2025-07-11,18:03:00
456,FL456,2025-07-12,15:34:00,1510.32,12,8,2025-07-12,18:04:00
457,FL457,2025-07-13,15:35:00,2340.91,1,3,2025-07-13,18:05:00
458,FL458,2025-07-14,15:36:00,2294.47,7,11,2025-07-14,18:06:00
459,FL459,2025-07-15,15:37:00,2445.35,9,11,2025-07-15,18:07:00
460,FL460,2025-07-16,15:38:00,2535.76,11,1,2025-07-16,18:08:00
461,FL461,2025-07-17,15:39:00,3215.89,5,7,2025-07-17,18:09:00
462,FL462,2025-07-18,15:40:00,2910.13,4,10,2025-07-18,18:10:00
463,FL463,2025-07-19,15:41:00,2540.2,6,7,2025-07-19,18:11:00
464,FL464,2025-07-20,15:42:00,2583.19,11,8,2025-07-20,18:12:00
465,FL465,2025-07-21,15:43:00,3398.28,7,11,2025-07-21,18:13:00
466,FL466,2025-07-22,15:44:00,2618.86,10,8,2025-07-22,18:14:00
467,FL467,2025-07-23,15:45:00,3047.94,6,2,2025-07-23,18:15:00
468,FL468,2025-07-24,15:46:00,2302.94,9,6,2025-07-24,18:16:00
469,FL469,2025-07-25,15:47:00,2917.2,5,4,2025-07-25,18:17:00
470,FL470,2025-07-26,15:48:00,3139.55,7,6,2025-07-26,18:18:00
471,FL471,2025-07-27,15:49:00,3238.68,10,5,2025-07-27,18:19:00
472,FL472,2025-07-28,15:50:00,2370.79,10,10,2025-07-28,18:20:00
473,FL473,2025-07-29,15:51:00,1967.23,12,7,2025-07-29,18:21:00
474,FL474,2025-07-30,15:52:00,1571.13,4,2,2025-07-30,18:22:00
475,FL475,2025-07-31,15:53:00,2267.58,7,8,2025-07-31,18:23:00
476,FL476,2025-08-01,15:54:00,2191.49,7,1,2025-08-01,18:24:00
477,FL477,2025-08-02,15:55:00,3168.93,4,8,2025-08-02,18:25:00
478,FL478,2025-08-03,15:56:00,1514.14,12,4,2025-08-03,18:26:00
479,FL479,2025-08-04,15:57:00,2837.21,1,5,2025-08-04,18:27:00
480,FL480,2025-08-05,15:58:00,2115.19,10,3,2025-08-05,18:28:00
481,FL481,2025-08-06,15:59:00,2983.0,10,8,2025-08-06,18:29:00
482,FL482,2025-08-07,16:00:00,3061.23,3,9,2025-08-07,18:30:00
483,FL483,2025-08-08,16:01:00,3085.43,12,3,2025-08-08,18:31:00
484,FL484,2025-08-09,16:02:00,3319.8,5,10,2025-08-09,18:32:00
485,FL485,2025-08-10,16:03:00,1954.15,4,6,2025-08-10,18:33:00
486,FL486,2025-08-11,16:04:00,2894.39,12,12,2025-08-11,18:34:00
487,FL487,2025-08-12,16:05:00,1664.18,2,9,2025-08-12,18:35:00
488,FL488,2025-08-13,16:06:00,2914.73,3,6,2025-08-13,18:36:00
489,FL489,2025-08-14,16:07:00,2197.55,7,3,2025-08-14,18:37:00
490,FL490,2025-08-15,16:08:00,2628.79,7,3,2025-08-15,18:38:00
491,FL491,2025-08-16,16:09:00,2165.12,11,4,2025-08-16,18:39:00
492,FL492,2025-08-17,16:10:00,3141.64,4,3,2025-08-17,18:40:00
493,FL493,2025-08-18,16:11:00,3043.0,6,6,2025-08-18,18:41:00
494,FL494,2025-08-19,16:12:00,2293.53,2,4,2025-08-19,18:42:00
495,FL495,2025-08-20,16:13:00,1789.38,12,7,2025-08-20,18:43:00
496,FL496,2025-08-21,16:14:00,1958.29,2,8,2025-08-21,18:44:00
497,FL497,2025-08-22,16:15:00,2269.67,1,11,2025-08-22,18:45:00
498,FL498,2025-08-23,16:16:00,3449.41,5,6,2025-08-23,18:46:00
499,FL499,2025-08-24,16:17:00,2469.25,3,3,2025-08-24,18:47:00
500,FL500,2025-08-25,16:18:00,1946.74,2,9,2025-08-25,18:48:00
501,FL501,2025-08-26,16:19:00,2390.33,11,12,2025-08-26,18:49:00
502,FL502,2025-08-27,16:20:00,2850.93,12,11,2025-08-27,18:50:00
503,FL503,2025-08-28,16:21:00,2567.98,1,7,2025-08-28,18:51:00
504,FL504,2025-08-29,16:22:00,1712.16,9,1,2025-08-29,18:52:00
505,FL505,2025-08-30,16:23:00,3272.84,10,9,2025-08-30,18:53:00
506,FL506,2025-08-31,16:24:00,2901.65,10,2,2025-08-31,18:54:00
507,FL507,2025-09-01,16:25:00,3431.21,5,12,2025-09-01,18:55:00
508,FL508,2025-09-02,16:26:00,1976.06,9,5,2025-09-02,18:56:00
509,FL509,2025-09-03,16:27:00,2436.65,10,11,2025-09-03,18:57:00
510,FL510,2025-09-04,16:28:00,3260.05,8,9,2025-09-04,18:58:00
511,FL511,2025-09-05,16:29:00,2919.87,12,4,2025-09-05,18:59:00
512,FL512,2025-09-06,16:30:00,1949.73,5,11,2025-09-06,19:00:00
513,FL513,2025-09-07,16:31:00,3148.61,3,3,2025-09-07,19:01:00
514,FL514,2025-09-08,16:32:00,3369.4,3,4,2025-09-08,19:02:00
515,FL515,2025-09-09,16:33:00,2764.3,4,11,2025-09-09,19:03:00
516,FL516,2025-09-10,16:34:00,1558.45,10,9,2025-09-10,19:04:00
517,FL517,2025-09-11,16:35:00,3108.64,12,7,2025-09-11,19:05:00
518,FL518,2025-09-12,16:36:00,2049.78,4,6,2025-09-12,19:06:00
519,FL519,2025-09-13,16:37:00,1966.51,3,2,2025-09-13,19:07:00
520,FL520,2025-09-14,16:38:00,2964.18,11,8,2025-09-14,19:08:00
521,FL521,2025-09-15,16:39:00,3359.01,4,1,2025-09-15,19:09:00
522,FL522,2025-09-16,16:40:00,3168.89,1,8,2025-09-16,19:10:00
523,FL523,2025-09-17,16:41:00,1536.22,11,2,2025-09-17,19:11:00
524,FL524,2025-09-18,16:42:00,2075.27,5,11,2025-09-18,19:12:00
525,FL525,2025-09-19,16:43:00,3312.87,9,5,2025-09-19,19:13:00
526,FL526,2025-09-20,16:44:00,2532.1,2,12,2025-09-20,19:14:00
527,FL527,2025-09-21,16:45:00,1779.01,6,9,2025-09-21,19:15:00
528,FL528,2025-09-22,16:46:00,3243.85,2,4,2025-09-22,19:16:00
529,FL529,2025-09-23,16:47:00,1709.06,12,12,2025-09-23,19:17:00
530,FL530,2025-09-24,16:48:00,2542.63,6,8,2025-09-24,19:18:00
531,FL531,2025-09-25,16:49:00,1558.33,5,11,2025-09-25,19:19:00
532,FL532,2025-09-26,16:50:00,2503.05,7,6,2025-09-26,19:20:00
533,FL533,2025-09-27,16:51:00,3030.32,10,3,2025-09-27,19:21:00
534,FL534,2025-09-28,16:52:00,1930.03,5,1,2025-09-28,19:22:00
535,FL535,2025-09-29,16:53:00,2059.28,5,9,2025-09-29,19:23:00
536,FL536,2025-09-30,16:54:00,2295.81,10,9,2025-09-30,19:24:00
537,FL537,2025-10-01,16:55:00,3260.82,1,2,2025-10-01,19:25:00
538,FL538,2025-10-02,16:56:00,2349.84,12,12,2025-10-02,19:26:00
539,FL539,2025-10-03,16:57:00,3010.83,7,3,2025-10-03,19:27:00
540,FL540,2025-10-04,16:58:00,1805.86,10,12,2025-10-04,19:28:00
541,FL541,2025-10-05,16:59:00,1851.52,4,6,2025-10-05,19:29:00
542,FL542,2025-10-06,17:00:00,2263.79,2,1,2025-10-06,19:30:00
543,FL543,2025-10-07,17:01:00,3014.68,9,12,2025-10-07,19:31:00
544,FL544,2025-10-08,17:02:00,2509.78,7,10,2025-10-08,19:32:00
545,FL545,2025-10-09,17:03:00,1997.46,11,11,2025-10-09,19:33:00
546,FL546,2025-10-10,17:04:00,1904.52,1,11,2025-10-10,19:34:00
547,FL547,2025-10-11,17:05:00,2884.62,3,6,2025-10-11,19:35:00
548,FL548,2025-10-12,17:06:00,2291.36,5,2,2025-10-12,19:36:00
549,FL549,2025-10-13,17:07:00,1516.84,8,7,2025-10-13,19:37:00
550,FL550,2025-10-14,17:08:00,2160.29,5,1,2025-10-14,19:38:00
551,FL551,2025-10-15,17:09:00,3270.51,1,11,2025-10-15,19:39:00
552,FL552,2025-10-16,17:10:00,1682.26,6,9,2025-10-16,19:40:00
553,FL553,2025-10-17,17:11:00,2985.94,11,11,2025-10-17,19:41:00
554,FL554,2025-10-18,17:12:00,3356.28,10,6,2025-10-18,19:42:00
555,FL555,2025-10-19,17:13:00,3113.53,1,10,2025-10-19,19:43:00
556,FL556,2025-10-20,17:14:00,1597.65,8,10,2025-10-20,19:44:00
557,FL557,2025-10-21,17:15:00,2245.35,12,7,2025-10-21,19:45:00
558,FL558,2025-10-22,17:16:00,3211.07,12,1,2025-10-22,19:46:00
559,FL559,2025-10-23,17:17:00,2382.6,1,12,2025-10-23,19:47:00
560,FL560,2025-10-24,17:18:00,2959.94,3,4,2025-10-24,19:48:00
561,FL561,2025-10-25,17:19:00,2907.21,7,2,2025-10-25,19:49:00
562,FL562,2025-10-26,17:20:00,2439.28,5,7,2025-10-26,19:50:00
563,FL563,2025-10-27,17:21:00,1693.39,7,1,2025-10-27,19:51:00
564,FL564,2025-10-28,17:22:00,2259.94,8,12,2025-10-28,19:52:00
565,FL565,2025-10-29,17:23:00,2616.36,8,10,2025-10-29,19:53:00
566,FL566,2025-10-30,17:24:00,2657.72,2,2,2025-10-30,19:54:00
567,FL567,2025-10-31,17:25:00,2594.82,8,11,2025-10-31,19:55:00
568,FL568,2025-11-01,17:26:00,2839.81,6,3,2025-11-01,19:56:00
569,FL569,2025-11-02,17:27:00,1912.2,6,8,2025-11-02,19:57:00
570,FL570,2025-11-03,17:28:00,3491.13,6,9,2025-11-03,19:58:00
571,FL571,2025-11-04,17:29:00,3263.56,6,4,2025-11-04,19:59:00
572,FL572,2025-11-05,17:30:00,1505.74,7,1,2025-11-05,20:00:00
573,FL573,2025-11-06,17:31:00,1881.79,7,2,2025-11-06,20:01:00
574,FL574,2025-11-07,17:32:00,1509.0,9,12,2025-11-07,20:02:00
575,FL575,2025-11-08,17:33:00,2148.13,3,3,2025-11-08,20:03:00
576,FL576,2025-11-09,17:34:00,2664.65,11,8,2025-11-09,20:04:00
577,FL577,2025-11-10,17:35:00,3125.34,1,11,2025-11-10,20:05:00
578,FL578,2025-11-11,17:36:00,2002.05,12,3,2025-11-11,20:06:00
579,FL579,2025-11-12,17:37:00,2906.5,11,5,2025-11-12,20:07:00
580,FL580,2025-11-13,17:38:00,1620.89,6,11,2025-11-13,20:08:00
581,FL581,2025-11-14,17:39:00,2372.78,7,3,2025-11-14,20:09:00
582,FL582,2025-11-15,17:40:00,2622.11,4,12,2025-11-15,20:10:00
583,FL583,2025-11-16,17:41:00,1847.69,3,4,2025-11-16,20:11:00
584,FL584,2025-11-17,17:42:00,1981.71,1,9,2025-11-17,20:12:00
585,FL585,2025-11-18,17:43:00,2898.56,9,5,2025-11-18,20:13:00
586,FL586,2025-11-19,17:44:00,1692.95,12,12,2025-11-19,20:14:00
587,FL587,2025-11-20,17:45:00,3317.69,12,7,2025-11-20,20:15:00
588,FL588,2025-11-21,17:46:00,2936.16,2,1,2025-11-21,20:16:00
589,FL589,2025-11-22,17:47:00,2525.75,7,7,2025-11-22,20:17:00
590,FL590,2025-11-23,17:48:00,3341.96,6,8,2025-11-23,20:18:00
591,FL591,2025-11-24,17:49:00,2719.96,9,3,2025-11-24,20:19:00
592,FL592,2025-11-25,17:50:00,1953.84,3,9,2025-11-25,20:20:00
593,FL593,2025-11-26,17:51:00,2013.05,10,4,2025-11-26,20:21:00
594,FL594,2025-11-27,17:52:00,2108.51,8,6,2025-11-27,20:22:00
595,FL595,2025-11-28,17:53:00,2042.18,3,11,2025-11-28,20:23:00
596,FL596,2025-11-29,17:54:00,1932.32,10,7,2025-11-29,20:24:00
597,FL597,2025-11-30,17:55:00,3192.68,10,2,2025-11-30,20:25:00
598,FL598,2025-12-01,17:56:00,2900.07,6,3,2025-12-01,20:26:00
599,FL599,2025-12-02,17:57:00,1552.76,3,8,2025-12-02,20:27:00
600,FL600,2025-12-03,17:58:00,1677.16,12,1,2025-12-03,20:28:00
601,FL601,2025-12-04,17:59:00,2787.3,10,3,2025-12-04,20:29:00
602,FL602,2025-12-05,18:00:00,3468.52,1,7,2025-12-05,20:30:00
603,FL603,2025-12-06,18:01:00,2378.73,10,6,2025-12-06,20:31:00
604,FL604,2025-12-07,18:02:00,1597.26,4,4,2025-12-07,20:32:00
605,FL605,2025-12-08,18:03:00,2089.21,9,3,2025-12-08,20:33:00
606,FL606,2025-12-09,18:04:00,2480.45,4,5,2025-12-09,20:34:00
607,FL607,2025-12-10,18:05:00,2776.96,12,11,2025-12-10,20:35:00
608,FL608,2025-12-11,18:06:00,2005.54,10,10,2025-12-11,20:36:00
609,FL609,2025-12-12,18:07:00,1946.67,10,12,2025-12-12,20:37:00
610,FL610,2025-12-13,18:08:00,2083.99,7,9,2025-12-13,20:38:00
611,FL611,2025-12-14,18:09:00,1940.31,4,5,2025-12-14,20:39:00
612,FL612,2025-12-15,18:10:00,2478.1,6,12,2025-12-15,20:40:00
613,FL613,2025-12-16,18:11:00,1785.49,8,1,2025-12-16,20:41:00
614,FL614,2025-12-17,18:12:00,2446.17,12,6,2025-12-17,20:42:00
615,FL615,2025-12-18,18:13:00,2132.49,12,9,2025-12-18,20:43:00
616,FL616,2025-12-19,18:14:00,1995.61,10,8,2025-12-19,20:44:00
617,FL617,2025-12-20,18:15:00,1994.99,3,3,2025-12-20,20:45:00
618,FL618,2025-12-21,18:16:00,2591.64,3,6,2025-12-21,20:46:00
619,FL619,2025-12-22,18:17:00,3116.9,12,8,2025-12-22,20:47:00
620,FL620,2025-12-23,18:18:00,2418.11,12,4,2025-12-23,20:48:00
621,FL621,2025-12-24,18:19:00,3423.47,11,4,2025-12-24,20:49:00
622,FL622,2025-12-25,18:20:00,1953.45,8,11,2025-12-25,20:50:00
623,FL623,2025-12-26,18:21:00,2224.09,10,5,2025-12-26,20:51:00
624,FL624,2025-12-27,18:22:00,1512.06,4,6,2025-12-27,20:52:00
625,FL625,2025-12-28,18:23:00,2433.7,12,9,2025-12-28,20:53:00
626,FL626,2025-12-29,18:24:00,3175.31,5,4,2025-12-29,20:54:00
627,FL627,2025-12-30,18:25:00,2093.37,11,4,2025-12-30,20:55:00
628,FL628,2025-12-31,18:26:00,3373.79,6,12,2025-12-31,20:56:00
629,FL629,2026-01-01,18:27:00,3107.16,3,4,2026-01-01,20:57:00
630,FL630,2026-01-02,18:28:00,3039.23,1,12,2026-01-02,20:58:00
631,FL631,2026-01-03,18:29:00,2524.37,11,12,2026-01-03,20:59:00
632,FL632,2026-01-04,18:30:00,1836.97,7,8,2026-01-04,21:00:00
633,FL633,2026-01-05,18:31:00,1934.07,3,4,2026-01-05,21:01:00
634,FL634,2026-01-06,18:32:00,3257.28,8,9,2026-01-06,21:02:00
635,FL635,2026-01-07,18:33:00,2545.69,5,7,2026-01-07,21:03:00
636,FL636,2026-01-08,18:34:00,2520.78,1,2,2026-01-08,21:04:00
637,FL637,2026-01-09,18:35:00,1538.49,12,7,2026-01-09,21:05:00
638,FL638,2026-01-10,18:36:00,3205.15,4,11,2026-01-10,21:06:00
639,FL639,2026-01-11,18:37:00,2458.52,10,7,2026-01-11,21:07:00
640,FL640,2026-01-12,18:38:00,2177.21,5,9,2026-01-12,21:08:00
641,FL641,2026-01-13,18:39:00,1729.93,3,11,2026-01-13,21:09:00
642,FL642,2026-01-14,18:40:00,2703.62,7,6,2026-01-14,21:10:00
643,FL643,2026-01-15,18:41:00,3115.61,10,4,2026-01-15,21:11:00
644,FL644,2026-01-16,18:42:00,1886.74,2,5,2026-01-16,21:12:00
645,FL645,2026-01-17,18:43:00,3118.13,6,11,2026-01-17,21:13:00
646,FL646,2026-01-18,18:44:00,3274.25,1,6,2026-01-18,21:14:00
647,FL647,2026-01-19,18:45:00,1985.03,2,5,2026-01-19,21:15:00
648,FL648,2026-01-20,18:46:00,3256.99,11,12,2026-01-20,21:16:00
649,FL649,2026-01-21,18:47:00,3490.11,1,1,2026-01-21,21:17:00
650,FL650,2026-01-22,18:48:00,2765.84,11,2,2026-01-22,21:18:00
651,FL651,2026-01-23,18:49:00,2074.56,11,2,2026-01-23,21:19:00
652,FL652,2026-01-24,18:50:00,1911.48,6,4,2026-01-24,21:20:00
653,FL653,2026-01-25,18:51:00,2288.82,3,9,2026-01-25,21:21:00
654,FL654,2026-01-26,18:52:00,2528.71,12,5,2026-01-26,21:22:00
655,FL655,2026-01-27,18:53:00,3187.79,8,7,2026-01-27,21:23:00
656,FL656,2026-01-28,18:54:00,2579.54,1,5,2026-01-28,21:24:00
657,FL657,2026-01-29,18:55:00,3333.55,3,1,2026-01-29,21:25:00
658,FL658,2026-01-30,18:56:00,2447.41,8,10,2026-01-30,21:26:00
659,FL659,2026-01-31,18:57:00,1710.45,6,10,2026-01-31,21:27:00
660,FL660,2026-02-01,18:58:00,3128.16,10,10,2026-02-01,21:28:00
661,FL661,2026-02-02,18:59:00,3280.31,10,8,2026-02-02,21:29:00
662,FL662,2026-02-03,19:00:00,3206.25,9,10,2026-02-03,21:30:00
663,FL663,2026-02-04,19:01:00,3465.62,2,5,2026-02-04,21:31:00
664,FL664,2026-02-05,19:02:00,3445.07,3,10,2026-02-05,21:32:00
665,FL665,2026-02-06,19:03:00,2265.71,10,2,2026-02-06,21:33:00
666,FL666,2026-02-07,19:04:00,2760.36,1,9,2026-02-07,21:34:00
667,FL667,2026-02-08,19:05:00,2738.04,5,8,2026-02-08,21:35:00
668,FL668,2026-02-09,19:06:00,2169.15,9,5,2026-02-09,21:36:00
669,FL669,2026-02-10,19:07:00,2839.97,6,2,2026-02-10,21:37:00
670,FL670,2026-02-11,19:08:00,1503.67,7,7,2026-02-11,21:38:00
671,FL671,2026-02-12,19:09:00,1868.93,5,7,2026-02-12,21:39:00
672,FL672,2026-02-13,19:10:00,2956.7,12,6,2026-02-13,21:40:00
673,FL673,2026-02-14,19:11:00,3286.74,12,1,2026-02-14,21:41:00
674,FL674,2026-02-15,19:12:00,1987.49,11,5,2026-02-15,21:42:00
675,FL675,2026-02-16,19:13:00,3036.64,10,9,2026-02-16,21:43:00
676,FL676,2026-02-17,19:14:00,1824.42,5,12,2026-02-17,21:44:00
677,FL677,2026-02-18,19:15:00,2778.09,12,6,2026-02-18,21:45:00
678,FL678,2026-02-19,19:16:00,3354.44,9,3,2026-02-19,21:46:00
679,FL679,2026-02-20,19:17:00,2349.31,11,8,2026-02-20,21:47:00
680,FL680,2026-02-21,19:18:00,2399.9,11,6,2026-02-21,21:48:00
681,FL681,2026-02-22,19:19:00,3304.91,4,7,2026-02-22,21:49:00
682,FL682,2026-02-23,19:20:00,1912.24,6,12,2026-02-23,21:50:00
683,FL683,2026-02-24,19:21:00,2558.09,11,8,2026-02-24,21:51:00
684,FL684,2026-02-25,19:22:00,2079.72,1,3,2026-02-25,21:52:00
685,FL685,2026-02-26,19:23:00,2343.18,5,10,2026-02-26,21:53:00
686,FL686,2026-02-27,19:24:00,1569.25,7,9,2026-02-27,21:54:00
687,FL687,2026-02-28,19:25:00,1800.33,8,1,2026-02-28,21:55:00
688,FL688,2026-03-01,19:26:00,1832.55,11,9,2026-03-01,21:56:00
689,FL689,2026-03-02,19:27:00,3426.38,11,6,2026-03-02,21:57:00
690,FL690,2026-03-03,19:28:00,2486.6,11,10,2026-03-03,21:58:00
691,FL691,2026-03-04,19:29:00,2221.2,10,2,2026-03-04,21:59:00
692,FL692,2026-03-05,19:30:00,1987.61,11,4,2026-03-05,22:00:00
693,FL693,2026-03-06,19:31:00,3094.85,8,11,2026-03-06,22:01:00
694,FL694,2026-03-07,19:32:00,2318.16,12,12,2026-03-07,22:02:00
695,FL695,2026-03-08,19:33:00,1889.9,11,8,2026-03-08,22:03:00
696,FL696,2026-03-09,19:34:00,2199.67,4,12,2026-03-09,22:04:00
697,FL697,2026-03-10,19:35:00,2036.77,7,12,2026-03-10,22:05:00
698,FL698,2026-03-11,19:36:00,3397.38,9,9,2026-03-11,22:06:00
699,FL699,2026-03-12,19:37:00,2973.41,2,9,2026-03-12,22:07:00
700,FL700,2026-03-13,19:38:00,3190.95,12,12,2026-03-13,22:08:00
701,FL701,2026-03-14,19:39:00,3217.08,1,3,2026-03-14,22:09:00
702,FL702,2026-03-15,19:40:00,2252.56,10,8,2026-03-15,22:10:00
703,FL703,2026-03-16,19:41:00,1523.63,11,7,2026-03-16,22:11:00
704,FL704,2026-03-17,19:42:00,2888.69,10,5,2026-03-17,22:12:00
705,FL705,2026-03-18,19:43:00,1917.1,4,2,2026-03-18,22:13:00
706,FL706,2026-03-19,19:44:00,2326.74,4,2,2026-03-19,22:14:00
707,FL707,2026-03-20,19:45:00,1913.64,1,9,2026-03-20,22:15:00
708,FL708,2026-03-21,19:46:00,1698.81,1,10,2026-03-21,22:16:00
709,FL709,2026-03-22,19:47:00,3025.67,2,2,2026-03-22,22:17:00
710,FL710,2026-03-23,19:48:00,2381.06,8,5,2026-03-23,22:18:00
711,FL711,2026-03-24,19:49:00,3151.64,12,3,2026-03-24,22:19:00
712,FL712,2026-03-25,19:50:00,2376.91,6,1,2026-03-25,22:20:00
713,FL713,2026-03-26,19:51:00,3025.59,1,5,2026-03-26,22:21:00
714,FL714,2026-03-27,19:52:00,2303.72,3,11,2026-03-27,22:22:00
715,FL715,2026-03-28,19:53:00,2966.82,11,11,2026-03-28,22:23:00
716,FL716,2026-03-29,19:54:00,1977.46,1,11,2026-03-29,22:24:00
717,FL717,2026-03-30,19:55:00,1527.77,6,4,2026-03-30,22:25:00
718,FL718,2026-03-31,19:56:00,1751.03,6,4,2026-03-31,22:26:00
719,FL719,2026-04-01,19:57:00,3200.1,4,1,2026-04-01,22:27:00
720,FL720,2026-04-02,19:58:00,1502.85,5,6,2026-04-02,22:28:00
721,FL721,2026-04-03,19:59:00,1635.07,2,2,2026-04-03,22:29:00
722,FL722,2026-04-04,20:00:00,3065.33,2,7,2026-04-04,22:30:00
723,FL723,2026-04-05,20:01:00,1758.35,12,3,2026-04-05,22:31:00
724,FL724,2026-04-06,20:02:00,2326.98,1,7,2026-04-06,22:32:00
725,FL725,2026-04-07,20:03:00,1612.44,5,7,2026-04-07,22:33:00
726,FL726,2026-04-08,20:04:00,1563.77,3,3,2026-04-08,22:34:00
727,FL727,2026-04-09,20:05:00,2225.81,9,6,2026-04-09,22:35:00
728,FL728,2026-04-10,20:06:00,3370.87,5,6,2026-04-10,22:36:00
729,FL729,2026-04-11,20:07:00,2241.92,11,12,2026-04-11,22:37:00
730,FL730,2026-04-12,20:08:00,3400.92,11,1,2026-04-12,22:38:00
731,FL731,2026-04-13,20:09:00,3188.82,3,12,2026-04-13,22:39:00
732,FL732,2026-04-14,20:10:00,2856.35,10,11,2026-04-14,22:40:00
733,FL733,2026-04-15,20:11:00,3443.79,1,5,2026-04-15,22:41:00
734,FL734,2026-04-16,20:12:00,3281.77,9,3,2026-04-16,22:42:00
735,FL735,2026-04-17,20:13:00,2338.81,1,5,2026-04-17,22:43:00
736,FL736,2026-04-18,20:14:00,2780.3,12,3,2026-04-18,22:44:00
737,FL737,2026-04-19,20:15:00,3171.24,8,11,2026-04-19,22:45:00
738,FL738,2026-04-20,20:16:00,2418.88,8,4,2026-04-20,22:46:00
739,FL739,2026-04-21,20:17:00,2451.86,1,1,2026-04-21,22:47:00
740,FL740,2026-04-22,20:18:00,3324.1,1,7,2026-04-22,22:48:00
741,FL741,2026-04-23,20:19:00,1894.05,10,12,2026-04-23,22:49:00
742,FL742,2026-04-24,20:20:00,1874.34,2,9,2026-04-24,22:50:00
743,FL743,2026-04-25,20:21:00,1909.92,4,9,2026-04-25,22:51:00
744,FL744,2026-04-26,20:22:00,2704.2,2,10,2026-04-26,22:52:00
745,FL745,2026-04-27,20:23:00,2697.39,6,4,2026-04-27,22:53:00
746,FL746,2026-04-28,20:24:00,2406.01,12,9,2026-04-28,22:54:00
747,FL747,2026-04-29,20:25:00,3326.3,1,2,2026-04-29,22:55:00
748,FL748,2026-04-30,20:26:00,3404.1,1,6,2026-04-30,22:56:00
749,FL749,2026-05-01,20:27:00,2857.55,7,6,2026-05-01,22:57:00
750,FL750,2026-05-02,20:28:00,2632.93,11,11,2026-05-02,22:58:00
751,FL751,2026-05-03,20:29:00,2154.9,12,5,2026-05-03,22:59:00
752,FL752,2026-05-04,20:30:00,2794.43,10,9,2026-05-04,23:00:00
753,FL753,2026-05-05,20:31:00,1710.06,9,5,2026-05-05,23:01:00
754,FL754,2026-05-06,20:32:00,3201.05,8,5,2026-05-06,23:02:00
755,FL755,2026-05-07,20:33:00,2162.69,12,5,2026-05-07,23:03:00
756,FL756,2026-05-08,20:34:00,2797.91,12,9,2026-05-08,23:04:00
757,FL757,2026-05-09,20:35:00,2245.14,4,1,2026-05-09,23:05:00
758,FL758,2026-05-10,20:36:00,3246.41,2,7,2026-05-10,23:06:00
759,FL759,2026-05-11,20:37:00,2834.61,5,5,2026-05-11,23:07:00
760,FL760,2026-05-12,20:38:00,2209.09,9,12,2026-05-12,23:08:00
761,FL761,2026-05-13,20:39:00,1681.98,6,11,2026-05-13,23:09:00
762,FL762,2026-05-14,20:40:00,2536.95,9,5,2026-05-14,23:10:00
763,FL763,2026-05-15,20:41:00,2212.96,5,1,2026-05-15,23:11:00
764,FL764,2026-05-16,20:42:00,2423.62,5,12,2026-05-16,23:12:00
765,FL765,2026-05-17,20:43:00,2144.81,4,7,2026-05-17,23:13:00
766,FL766,2026-05-18,20:44:00,2181.85,11,11,2026-05-18,23:14:00
767,FL767,2026-05-19,20:45:00,2643.4,11,6,2026-05-19,23:15:00
768,FL768,2026-05-20,20:46:00,3491.32,3,3,2026-05-20,23:16:00
769,FL769,2026-05-21,20:47:00,2058.96,2,5,2026-05-21,23:17:00
770,FL770,2026-05-22,20:48:00,1593.98,11,2,2026-05-22,23:18:00
771,FL771,2026-05-23,20:49:00,2819.22,4,3,2026-05-23,23:19:00
772,FL772,2026-05-24,20:50:00,2482.6,12,3,2026-05-24,23:20:00
773,FL773,2026-05-25,20:51:00,2476.05,4,5,2026-05-25,23:21:00
774,FL774,2026-05-26,20:52:00,2894.82,6,5,2026-05-26,23:22:00
775,FL775,2026-05-27,20:53:00,3283.72,5,2,2026-05-27,23:23:00
776,FL776,2026-05-28,20:54:00,2456.46,7,10,2026-05-28,23:24:00
777,FL777,2026-05-29,20:55:00,2914.5,3,4,2026-05-29,23:25:00
778,FL778,2026-05-30,20:56:00,1821.14,1,8,2026-05-30,23:26:00
779,FL779,2026-05-31,20:57:00,2795.95,12,10,2026-05-31,23:27:00
780,FL780,2026-06-01,20:58:00,2271.42,2,11,2026-06-01,23:28:00
781,FL781,2026-06-02,20:59:00,1554.75,12,7,2026-06-02,23:29:00
782,FL782,2026-06-03,21:00:00,3024.84,7,1,2026-06-03,23:30:00
783,FL783,2026-06-04,21:01:00,2687.71,3,5,2026-06-04,23:31:00
784,FL784,2026-06-05,21:02:00,3281.73,4,2,2026-06-05,23:32:00
785,FL785,2026-06-06,21:03:00,2092.51,7,3,2026-06-06,23:33:00
786,FL786,2026-06-07,21:04:00,2427.97,3,12,2026-06-07,23:34:00
787,FL787,2026-06-08,21:05:00,1786.47,12,10,2026-06-08,23:35:00
788,FL788,2026-06-09,21:06:00,1527.77,2,7,2026-06-09,23:36:00
789,FL789,2026-06-10,21:07:00,2427.79,10,11,2026-06-10,23:37:00
790,FL790,2026-06-11,21:08:00,2097.02,8,11,2026-06-11,23:38:00
791,FL791,2026-06-12,21:09:00,2430.33,5,5,2026-06-12,23:39:00
792,FL792,2026-06-13,21:10:00,3286.42,3,9,2026-06-13,23:40:00
793,FL793,2026-06-14,21:11:00,2060.04,4,9,2026-06-14,23:41:00
794,FL794,2026-06-15,21:12:00,3337.97,3,3,2026-06-15,23:42:00
795,FL795,2026-06-16,21:13:00,1854.16,7,5,2026-06-16,23:43:00
796,FL796,2026-06-17,21:14:00,2579.92,5,1,2026-06-17,23:44:00
797,FL797,2026-06-18,21:15:00,2049.99,10,11,2026-06-18,23:45:00
798,FL798,2026-06-19,21:16:00,2499.36,9,6,2026-06-19,23:46:00
799,FL799,2026-06-20,21:17:00,3461.18,4,6,2026-06-20,23:47:00
800,FL800,2026-06-21,21:18:00,2029.16,4,5,2026-06-21,23:48:00
801,FL801,2026-06-22,21:19:00,1691.55,10,4,2026-06-22,23:49:00
802,FL802,2026-06-23,21:20:00,1621.01,3,4,2026-06-23,23:50:00
803,FL803,2026-06-24,21:21:00,1947.16,9,11,2026-06-24,23:51:00
804,FL804,2026-06-25,21:22:00,2716.4,3,5,2026-06-25,23:52:00
805,FL805,2026-06-26,21:23:00,2221.31,12,12,2026-06-26,23:53:00
806,FL806,2026-06-27,21:24:00,2542.04,11,3,2026-06-27,23:54:00
807,FL807,2026-06-28,21:25:00,2873.42,7,6,2026-06-28,23:55:00
808,FL808,2026-06-29,21:26:00,3155.25,12,3,2026-06-29,23:56:00
809,FL809,2026-06-30,21:27:00,3189.82,11,2,2026-06-30,23:57:00
810,FL810,2026-07-01,21:28:00,1866.13,7,3,2026-07-01,23:58:00
811,FL811,2026-07-02,21:29:00,2708.48,11,9,2026-07-02,23:59:00
812,FL812,2026-07-03,21:30:00,2199.19,9,7,2026-07-03,00:00:00
813,FL813,2026-07-04,21:31:00,1638.45,1,8,2026-07-04,00:01:00
814,FL814,2026-07-05,21:32:00,1826.17,1,4,2026-07-05,00:02:00
815,FL815,2026-07-06,21:33:00,2875.83,9,8,2026-07-06,00:03:00
816,FL816,2026-07-07,21:34:00,1579.86,5,8,2026-07-07,00:04:00
817,FL817,2026-07-08,21:35:00,2512.84,1,12,2026-07-08,00:05:00
818,FL818,2026-07-09,21:36:00,1644.14,4,4,2026-07-09,00:06:00
819,FL819,2026-07-10,21:37:00,3310.81,12,5,2026-07-10,00:07:00
820,FL820,2026-07-11,21:38:00,2744.44,5,1,2026-07-11,00:08:00
821,FL821,2026-07-12,21:39:00,2045.06,6,10,2026-07-12,00:09:00
822,FL822,2026-07-13,21:40:00,3087.15,5,8,2026-07-13,00:10:00
823,FL823,2026-07-14,21:41:00,2883.41,1,4,2026-07-14,00:11:00
824,FL824,2026-07-15,21:42:00,3213.48,10,7,2026-07-15,00:12:00
825,FL825,2026-07-16,21:43:00,3123.37,12,11,2026-07-16,00:13:00
826,FL826,2026-07-17,21:44:00,3412.12,11,2,2026-07-17,00:14:00
827,FL827,2026-07-18,21:45:00,3048.05,9,7,2026-07-18,00:15:00
828,FL828,2026-07-19,21:46:00,3162.51,2,11,2026-07-19,00:16:00
829,FL829,2026-07-20,21:47:00,2005.28,10,8,2026-07-20,00:17:00
830,FL830,2026-07-21,21:48:00,1549.35,6,4,2026-07-21,00:18:00
831,FL831,2026-07-22,21:49:00,1638.37,2,7,2026-07-22,00:19:00
832,FL832,2026-07-23,21:50:00,1786.07,4,11,2026-07-23,00:20:00
833,FL833,2026-07-24,21:51:00,2353.54,3,11,2026-07-24,00:21:00
834,FL834,2026-07-25,21:52:00,3441.73,4,3,2026-07-25,00:22:00
835,FL835,2026-07-26,21:53:00,3003.54,6,9,2026-07-26,00:23:00
836,FL836,2026-07-27,21:54:00,3081.14,12,9,2026-07-27,00:24:00
837,FL837,2026-07-28,21:55:00,2449.18,1,1,2026-07-28,00:25:00
838,FL838,2026-07-29,21:56:00,2085.58,8,5,2026-07-29,00:26:00
839,FL839,2026-07-30,21:57:00,3243.75,10,9,2026-07-30,00:27:00
840,FL840,2026-07-31,21:58:00,1679.62,1,4,2026-07-31,00:28:00
841,FL841,2026-08-01,21:59:00,3403.97,2,2,2026-08-01,00:29:00
842,FL842,2026-08-02,22:00:00,1770.82,11,2,2026-08-02,00:30:00
843,FL843,2026-08-03,22:01:00,3205.08,8,11,2026-08-03,00:31:00
844,FL844,2026-08-04,22:02:00,2779.01,3,11,2026-08-04,00:32:00
845,FL845,2026-08-05,22:03:00,3405.64,4,3,2026-08-05,00:33:00
846,FL846,2026-08-06,22:04:00,2360.51,6,7,2026-08-06,00:34:00
847,FL847,2026-08-07,22:05:00,3170.04,9,5,2026-08-07,00:35:00
848,FL848,2026-08-08,22:06:00,2555.69,1,1,2026-08-08,00:36:00
849,FL849,2026-08-09,22:07:00,2347.91,10,2,2026-08-09,00:37:00
850,FL850,2026-08-10,22:08:00,1547.54,3,9,2026-08-10,00:38:00
851,FL851,2026-08-11,22:09:00,3286.75,6,5,2026-08-11,00:39:00
852,FL852,2026-08-12,22:10:00,3364.07,8,4,2026-08-12,00:40:00
853,FL853,2026-08-13,22:11:00,1860.22,3,9,2026-08-13,00:41:00
854,FL854,2026-08-14,22:12:00,3132.81,3,10,2026-08-14,00:42:00
855,FL855,2026-08-15,22:13:00,2562.17,9,11,2026-08-15,00:43:00
856,FL856,2026-08-16,22:14:00,2915.61,2,4,2026-08-16,00:44:00
857,FL857,2026-08-17,22:15:00,3124.25,1,11,2026-08-17,00:45:00
858,FL858,2026-08-18,22:16:00,2414.66,11,1,2026-08-18,00:46:00
859,FL859,2026-08-19,22:17:00,3286.83,5,7,2026-08-19,00:47:00
860,FL860,2026-08-20,22:18:00,2703.21,5,12,2026-08-20,00:48:00
861,FL861,2026-08-21,22:19:00,1511.59,1,7,2026-08-21,00:49:00
862,FL862,2026-08-22,22:20:00,1940.9,4,1,2026-08-22,00:50:00
863,FL863,2026-08-23,22:21:00,2084.05,4,7,2026-08-23,00:51:00
864,FL864,2026-08-24,22:22:00,1605.64,6,8,2026-08-24,00:52:00
865,FL865,2026-08-25,22:23:00,2311.89,2,2,2026-08-25,00:53:00
866,FL866,2026-08-26,22:24:00,2007.2,12,8,2026-08-26,00:54:00
867,FL867,2026-08-27,22:25:00,2951.05,6,5,2026-08-27,00:55:00
868,FL868,2026-08-28,22:26:00,1941.81,6,3,2026-08-28,00:56:00
869,FL869,2026-08-29,22:27:00,1524.21,3,7,2026-08-29,00:57:00
870,FL870,2026-08-30,22:28:00,3264.19,11,8,2026-08-30,00:58:00
871,FL871,2026-08-31,22:29:00,2780.1,10,4,2026-08-31,00:59:00
872,FL872,2026-09-01,22:30:00,2823.03,3,11,2026-09-01,01:00:00
873,FL873,2026-09-02,22:31:00,2144.24,8,10,2026-09-02,01:01:00
874,FL874,2026-09-03,22:32:00,1578.24,2,3,2026-09-03,01:02:00
875,FL875,2026-09-04,22:33:00,1914.24,2,1,2026-09-04,01:03:00
876,FL876,2026-09-05,22:34:00,1575.5,10,4,2026-09-05,01:04:00
877,FL877,2026-09-06,22:35:00,3440.68,8,3,2026-09-06,01:05:00
878,FL878,2026-09-07,22:36:00,1796.61,12,3,2026-09-07,01:06:00
879,FL879,2026-09-08,22:37:00,3082.86,2,11,2026-09-08,01:07:00
880,FL880,2026-09-09,22:38:00,1574.37,10,9,2026-09-09,01:08:00
881,FL881,2026-09-10,22:39:00,2387.22,11,2,2026-09-10,01:09:00
882,FL882,2026-09-11,22:40:00,1598.24,5,12,2026-09-11,01:10:00
883,FL883,2026-09-12,22:41:00,1756.83,4,9,2026-09-12,01:11:00
884,FL884,2026-09-13,22:42:00,1557.69,4,3,2026-09-13,01:12:00
885,FL885,2026-09-14,22:43:00,1959.19,2,6,2026-09-14,01:13:00
886,FL886,2026-09-15,22:44:00,1773.84,12,3,2026-09-15,01:14:00
887,FL887,2026-09-16,22:45:00,2824.87,6,12,2026-09-16,01:15:00
888,FL888,2026-09-17,22:46:00,2703.33,1,3,2026-09-17,01:16:00
889,FL889,2026-09-18,22:47:00,2407.07,6,12,2026-09-18,01:17:00
890,FL890,2026-09-19,22:48:00,3368.39,5,7,2026-09-19,01:18:00
891,FL891,2026-09-20,22:49:00,1543.49,6,4,2026-09-20,01:19:00
892,FL892,2026-09-21,22:50:00,3276.8,12,11,2026-09-21,01:20:00
893,FL893,2026-09-22,22:51:00,3020.42,1,7,2026-09-22,01:21:00
894,FL894,2026-09-23,22:52:00,1581.29,1,7,2026-09-23,01:22:00
895,FL895,2026-09-24,22:53:00,3300.8,5,7,2026-09-24,01:23:00
896,FL896,2026-09-25,22:54:00,3002.39,3,1,2026-09-25,01:24:00
897,FL897,2026-09-26,22:55:00,2912.25,8,1,2026-09-26,01:25:00
898,FL898,2026-09-27,22:56:00,2423.38,1,3,2026-09-27,01:26:00
899,FL899,2026-09-28,22:57:00,3338.87,8,5,2026-09-28,01:27:00
900,FL900,2026-09-29,22:58:00,3172.04,1,6,2026-09-29,01:28:00
901,FL901,2026-09-30,22:59:00,2076.57,4,3,2026-09-30,01:29:00
902,FL902,2026-10-01,23:00:00,2123.04,3,10,2026-10-01,01:30:00
903,FL903,2026-10-02,23:01:00,2082.68,8,4,2026-10-02,01:31:00
904,FL904,2026-10-03,23:02:00,2819.19,7,3,2026-10-03,01:32:00
905,FL905,2026-10-04,23:03:00,1709.84,10,10,2026-10-04,01:33:00
906,FL906,2026-10-05,23:04:00,2949.54,4,5,2026-10-05,01:34:00
907,FL907,2026-10-06,23:05:00,2777.52,1,2,2026-10-06,01:35:00
908,FL908,2026-10-07,23:06:00,3263.8,2,3,2026-10-07,01:36:00
909,FL909,2026-10-08,23:07:00,3227.04,11,4,2026-10-08,01:37:00
910,FL910,2026-10-09,23:08:00,2662.23,12,6,2026-10-09,01:38:00
911,FL911,2026-10-10,23:09:00,2868.35,6,9,2026-10-10,01:39:00
912,FL912,2026-10-11,23:10:00,1725.05,9,3,2026-10-11,01:40:00
913,FL913,2026-10-12,23:11:00,1960.22,1,5,2026-10-12,01:41:00
914,FL914,2026-10-13,23:12:00,3283.84,3,10,2026-10-13,01:42:00
915,FL915,2026-10-14,23:13:00,2014.15,2,6,2026-10-14,01:43:00
916,FL916,2026-10-15,23:14:00,1625.19,8,3,2026-10-15,01:44:00
917,FL917,2026-10-16,23:15:00,3080.69,6,5,2026-10-16,01:45:00
918,FL918,2026-10-17,23:16:00,2885.47,12,10,2026-10-17,01:46:00
919,FL919,2026-10-18,23:17:00,1865.8,10,8,2026-10-18,01:47:00
920,FL920,2026-10-19,23:18:00,3284.01,3,11,2026-10-19,01:48:00
921,FL921,2026-10-20,23:19:00,3351.02,4,8,2026-10-20,01:49:00
922,FL922,2026-10-21,23:20:00,3436.76,9,12,2026-10-21,01:50:00
923,FL923,2026-10-22,23:21:00,3009.64,1,12,2026-10-22,01:51:00
924,FL924,2026-10-23,23:22:00,3291.27,6,1,2026-10-23,01:52:00
925,FL925,2026-10-24,23:23:00,2450.29,7,10,2026-10-24,01:53:00
926,FL926,2026-10-25,23:24:00,1736.92,9,12,2026-10-25,01:54:00
927,FL927,2026-10-26,23:25:00,3291.6,3,5,2026-10-26,01:55:00
928,FL928,2026-10-27,23:26:00,3298.77,5,4,2026-10-27,01:56:00
929,FL929,2026-10-28,23:27:00,3240.62,12,12,2026-10-28,01:57:00
930,FL930,2026-10-29,23:28:00,2363.93,5,10,2026-10-29,01:58:00
931,FL931,2026-10-30,23:29:00,2865.68,10,12,2026-10-30,01:59:00
932,FL932,2026-10-31,23:30:00,3352.74,9,7,2026-10-31,02:00:00
933,FL933,2026-11-01,23:31:00,1562.39,3,6,2026-11-01,02:01:00
934,FL934,2026-11-02,23:32:00,3481.6,2,5,2026-11-02,02:02:00
935,FL935,2026-11-03,23:33:00,1993.28,12,4,2026-11-03,02:03:00
936,FL936,2026-11-04,23:34:00,1988.13,3,9,2026-11-04,02:04:00
937,FL937,2026-11-05,23:35:00,2535.66,6,9,2026-11-05,02:05:00
938,FL938,2026-11-06,23:36:00,1609.15,2,3,2026-11-06,02:06:00
939,FL939,2026-11-07,23:37:00,1539.86,9,11,2026-11-07,02:07:00
940,FL940,2026-11-08,23:38:00,3254.93,4,8,2026-11-08,02:08:00
941,FL941,2026-11-09,23:39:00,1820.19,11,2,2026-11-09,02:09:00
942,FL942,2026-11-10,23:40:00,2193.15,11,6,2026-11-10,02:10:00
943,FL943,2026-11-11,23:41:00,1610.69,3,3,2026-11-11,02:11:00
944,FL944,2026-11-12,23:42:00,2906.27,4,10,2026-11-12,02:12:00
945,FL945,2026-11-13,23:43:00,1564.31,8,5,2026-11-13,02:13:00
946,FL946,2026-11-14,23:44:00,3417.27,3,9,2026-11-14,02:14:00
947,FL947,2026-11-15,23:45:00,2220.07,9,4,2026-11-15,02:15:00
948,FL948,2026-11-16,23:46:00,3122.45,8,6,2026-11-16,02:16:00
949,FL949,2026-11-17,23:47:00,3301.57,8,4,2026-11-17,02:17:00
950,FL950,2026-11-18,23:48:00,2039.24,4,1,2026-11-18,02:18:00
951,FL951,2026-11-19,23:49:00,2699.45,5,5,2026-11-19,02:19:00
952,FL952,2026-11-20,23:50:00,2102.01,9,9,2026-11-20,02:20:00
953,FL953,2026-11-21,23:51:00,2088.86,9,3,2026-11-21,02:21:00
954,FL954,2026-11-22,23:52:00,1674.99,1,6,2026-11-22,02:22:00
955,FL955,2026-11-23,23:53:00,3134.25,2,6,2026-11-23,02:23:00
956,FL956,2026-11-24,23:54:00,2156.74,12,4,2026-11-24,02:24:00
957,FL957,2026-11-25,23:55:00,1580.93,9,8,2026-11-25,02:25:00
958,FL958,2026-11-26,23:56:00,3300.87,5,1,2026-11-26,02:26:00
959,FL959,2026-11-27,23:57:00,3174.05,10,12,2026-11-27,02:27:00
960,FL960,2026-11-28,23:58:00,2342.67,10,8,2026-11-28,02:28:00
961,FL961,2026-11-29,23:59:00,3436.55,8,5,2026-11-29,02:29:00
962,FL962,2026-11-30,00:00:00,3391.65,3,1,2026-11-30,02:30:00
963,FL963,2026-12-01,00:01:00,3249.72,2,5,2026-12-01,02:31:00
964,FL964,2026-12-02,00:02:00,2838.41,3,10,2026-12-02,02:32:00
965,FL965,2026-12-03,00:03:00,3487.17,1,11,2026-12-03,02:33:00
966,FL966,2026-12-04,00:04:00,1733.07,8,2,2026-12-04,02:34:00
967,FL967,2026-12-05,00:05:00,1827.96,2,8,2026-12-05,02:35:00
968,FL968,2026-12-06,00:06:00,2686.78,6,11,2026-12-06,02:36:00
969,FL969,2026-12-07,00:07:00,2864.78,2,7,2026-12-07,02:37:00
970,FL970,2026-12-08,00:08:00,2104.04,4,10,2026-12-08,02:38:00
971,FL971,2026-12-09,00:09:00,2012.02,3,11,2026-12-09,02:39:00
972,FL972,2026-12-10,00:10:00,2386.69,2,11,2026-12-10,02:40:00
973,FL973,2026-12-11,00:11:00,2135.22,12,3,2026-12-11,02:41:00
974,FL974,2026-12-12,00:12:00,2173.62,11,8,2026-12-12,02:42:00
975,FL975,2026-12-13,00:13:00,2677.92,9,8,2026-12-13,02:43:00
976,FL976,2026-12-14,00:14:00,3104.78,10,1,2026-12-14,02:44:00
977,FL977,2026-12-15,00:15:00,2442.6,3,5,2026-12-15,02:45:00
978,FL978,2026-12-16,00:16:00,3378.99,9,4,2026-12-16,02:46:00
979,FL979,2026-12-17,00:17:00,2769.93,9,11,2026-12-17,02:47:00
980,FL980,2026-12-18,00:18:00,1818.29,9,4,2026-12-18,02:48:00
981,FL981,2026-12-19,00:19:00,2529.64,4,7,2026-12-19,02:49:00
982,FL982,2026-12-20,00:20:00,1567.84,10,2,2026-12-20,02:50:00
983,FL983,2026-12-21,00:21:00,2376.98,4,10,2026-12-21,02:51:00
984,FL984,2026-12-22,00:22:00,2378.3,10,10,2026-12-22,02:52:00
985,FL985,2026-12-23,00:23:00,2311.54,9,3,2026-12-23,02:53:00
986,FL986,2026-12-24,00:24:00,1806.14,8,4,2026-12-24,02:54:00
987,FL987,2026-12-25,00:25:00,3253.7,1,1,2026-12-25,02:55:00
988,FL988,2026-12-26,00:26:00,3030.78,11,6,2026-12-26,02:56:00
989,FL989,2026-12-27,00:27:00,2565.79,10,11,2026-12-27,02:57:00
990,FL990,2026-12-28,00:28:00,2777.56,10,6,2026-12-28,02:58:00
991,FL991,2026-12-29,00:29:00,3021.5,8,11,2026-12-29,02:59:00
992,FL992,2026-12-30,00:30:00,2914.73,1,7,2026-12-30,03:00:00
993,FL993,2026-12-31,00:31:00,3073.76,9,9,2026-12-31,03:01:00
994,FL994,2027-01-01,00:32:00,2909.54,9,1,2027-01-01,03:02:00
995,FL995,2027-01-02,00:33:00,1602.2,7,4,2027-01-02,03:03:00
996,FL996,2027-01-03,00:34:00,2541.41,11,11,2027-01-03,03:04:00
997,FL997,2027-01-04,00:35:00,3100.06,9,2,2027-01-04,03:05:00
998,FL998,2027-01-05,00:36:00,2785.46,6,11,2027-01-05,03:06:00
999,FL999,2027-01-06,00:37:00,3463.29,12,9,2027-01-06,03:07:00
1000,FL1000,2027-01-07,00:38:00,3290.0,7,11,2027-01-07,03:08:00
1001,FL1001,2027-01-08,00:39:00,2574.34,11,4,2027-01-08,03:09:00
